{
	"latitude": 33.1344255,
	"longitude": -117.2403481,
	"location": "San Marcos, CA",
	"daily": {
		"summary": "Light rain on Wednesday and Thursday, with high temperatures bottoming out at 53°F on Thursday.",
		"icon": "rain",
		"data": [{
				"time": 1550476800,
				"summary": "Mostly cloudy starting in the afternoon, continuing until evening.",
				"icon": "partly-cloudy-day",
				"sunriseTime": 1550500246,
				"sunsetTime": 1550540269,
				"moonPhase": 0.47,
				"precipIntensity": 0.0002,
				"precipIntensityMax": 0.002,
				"precipIntensityMaxTime": 1550480400,
				"precipProbability": 0.46,
				"precipType": "rain",
				"temperatureHigh": 54.36,
				"temperatureHighTime": 1550530800,
				"temperatureLow": 38.06,
				"temperatureLowTime": 1550584800,
				"apparentTemperatureHigh": 54.36,
				"apparentTemperatureHighTime": 1550530800,
				"apparentTemperatureLow": 33.62,
				"apparentTemperatureLowTime": 1550584800,
				"dewPoint": 34.32,
				"humidity": 0.6,
				"pressure": 1017.04,
				"windSpeed": 1.57,
				"windGust": 15.11,
				"windGustTime": 1550476800,
				"windBearing": 358,
				"cloudCover": 0.37,
				"uvIndex": 5,
				"uvIndexTime": 1550516400,
				"visibility": 9.59,
				"ozone": 323.6,
				"temperatureMin": 40.46,
				"temperatureMinTime": 1550498400,
				"temperatureMax": 54.36,
				"temperatureMaxTime": 1550530800,
				"apparentTemperatureMin": 37.69,
				"apparentTemperatureMinTime": 1550498400,
				"apparentTemperatureMax": 54.36,
				"apparentTemperatureMaxTime": 1550530800
			},
			{
				"time": 1550563200,
				"summary": "Partly cloudy in the morning.",
				"icon": "partly-cloudy-day",
				"sunriseTime": 1550586583,
				"sunsetTime": 1550626722,
				"moonPhase": 0.51,
				"precipIntensity": 0.0004,
				"precipIntensityMax": 0.0021,
				"precipIntensityMaxTime": 1550577600,
				"precipProbability": 0.08,
				"precipType": "rain",
				"temperatureHigh": 56.92,
				"temperatureHighTime": 1550613600,
				"temperatureLow": 37.67,
				"temperatureLowTime": 1550671200,
				"apparentTemperatureHigh": 56.92,
				"apparentTemperatureHighTime": 1550613600,
				"apparentTemperatureLow": 33.07,
				"apparentTemperatureLowTime": 1550671200,
				"dewPoint": 26.41,
				"humidity": 0.46,
				"pressure": 1020.11,
				"windSpeed": 0.82,
				"windGust": 8.62,
				"windGustTime": 1550617200,
				"windBearing": 33,
				"cloudCover": 0.09,
				"uvIndex": 5,
				"uvIndexTime": 1550606400,
				"visibility": 10,
				"ozone": 324.18,
				"temperatureMin": 38.06,
				"temperatureMinTime": 1550584800,
				"temperatureMax": 56.92,
				"temperatureMaxTime": 1550613600,
				"apparentTemperatureMin": 33.62,
				"apparentTemperatureMinTime": 1550584800,
				"apparentTemperatureMax": 56.92,
				"apparentTemperatureMaxTime": 1550613600
			},
			{
				"time": 1550649600,
				"summary": "Breezy starting in the evening and light rain overnight.",
				"icon": "rain",
				"sunriseTime": 1550672919,
				"sunsetTime": 1550713174,
				"moonPhase": 0.55,
				"precipIntensity": 0.0064,
				"precipIntensityMax": 0.0247,
				"precipIntensityMaxTime": 1550732400,
				"precipProbability": 0.56,
				"precipType": "rain",
				"temperatureHigh": 55.09,
				"temperatureHighTime": 1550696400,
				"temperatureLow": 46.04,
				"temperatureLowTime": 1550757600,
				"apparentTemperatureHigh": 55.09,
				"apparentTemperatureHighTime": 1550696400,
				"apparentTemperatureLow": 39.99,
				"apparentTemperatureLowTime": 1550757600,
				"dewPoint": 35.82,
				"humidity": 0.64,
				"pressure": 1015.23,
				"windSpeed": 5.5,
				"windGust": 28.42,
				"windGustTime": 1550732400,
				"windBearing": 227,
				"cloudCover": 0.53,
				"uvIndex": 4,
				"uvIndexTime": 1550689200,
				"visibility": 9.32,
				"ozone": 329.14,
				"temperatureMin": 37.67,
				"temperatureMinTime": 1550671200,
				"temperatureMax": 55.09,
				"temperatureMaxTime": 1550696400,
				"apparentTemperatureMin": 33.07,
				"apparentTemperatureMinTime": 1550671200,
				"apparentTemperatureMax": 55.09,
				"apparentTemperatureMaxTime": 1550696400
			},
			{
				"time": 1550736000,
				"summary": "Rain in the morning and breezy until afternoon.",
				"icon": "rain",
				"sunriseTime": 1550759254,
				"sunsetTime": 1550799626,
				"moonPhase": 0.58,
				"precipIntensity": 0.0197,
				"precipIntensityMax": 0.0538,
				"precipIntensityMaxTime": 1550750400,
				"precipProbability": 0.87,
				"precipType": "rain",
				"temperatureHigh": 52.59,
				"temperatureHighTime": 1550782800,
				"temperatureLow": 38.79,
				"temperatureLowTime": 1550844000,
				"apparentTemperatureHigh": 52.59,
				"apparentTemperatureHighTime": 1550782800,
				"apparentTemperatureLow": 34.96,
				"apparentTemperatureLowTime": 1550844000,
				"dewPoint": 39.61,
				"humidity": 0.73,
				"pressure": 1007.38,
				"windSpeed": 11.96,
				"windGust": 29.23,
				"windGustTime": 1550746800,
				"windBearing": 282,
				"cloudCover": 0.7,
				"uvIndex": 4,
				"uvIndexTime": 1550779200,
				"visibility": 6.68,
				"ozone": 349.44,
				"temperatureMin": 42.9,
				"temperatureMinTime": 1550818800,
				"temperatureMax": 52.59,
				"temperatureMaxTime": 1550782800,
				"apparentTemperatureMin": 39.99,
				"apparentTemperatureMinTime": 1550757600,
				"apparentTemperatureMax": 52.59,
				"apparentTemperatureMaxTime": 1550782800
			},
			{
				"time": 1550822400,
				"summary": "Partly cloudy in the morning.",
				"icon": "partly-cloudy-night",
				"sunriseTime": 1550845587,
				"sunsetTime": 1550886078,
				"moonPhase": 0.62,
				"precipIntensity": 0.0007,
				"precipIntensityMax": 0.0068,
				"precipIntensityMaxTime": 1550822400,
				"precipProbability": 0.11,
				"precipType": "rain",
				"temperatureHigh": 57.83,
				"temperatureHighTime": 1550876400,
				"temperatureLow": 41.55,
				"temperatureLowTime": 1550930400,
				"apparentTemperatureHigh": 57.83,
				"apparentTemperatureHighTime": 1550876400,
				"apparentTemperatureLow": 37.73,
				"apparentTemperatureLowTime": 1550930400,
				"dewPoint": 29.3,
				"humidity": 0.52,
				"pressure": 1016.06,
				"windSpeed": 4.41,
				"windGust": 10.76,
				"windGustTime": 1550826000,
				"windBearing": 356,
				"cloudCover": 0.12,
				"uvIndex": 5,
				"uvIndexTime": 1550862000,
				"visibility": 9.97,
				"ozone": 328.66,
				"temperatureMin": 38.79,
				"temperatureMinTime": 1550844000,
				"temperatureMax": 57.83,
				"temperatureMaxTime": 1550876400,
				"apparentTemperatureMin": 34.96,
				"apparentTemperatureMinTime": 1550844000,
				"apparentTemperatureMax": 57.83,
				"apparentTemperatureMaxTime": 1550876400
			},
			{
				"time": 1550908800,
				"summary": "Clear throughout the day.",
				"icon": "clear-day",
				"sunriseTime": 1550931920,
				"sunsetTime": 1550972529,
				"moonPhase": 0.66,
				"precipIntensity": 0,
				"precipIntensityMax": 0.0001,
				"precipIntensityMaxTime": 1550934000,
				"precipProbability": 0,
				"temperatureHigh": 58.11,
				"temperatureHighTime": 1550959200,
				"temperatureLow": 42.57,
				"temperatureLowTime": 1551016800,
				"apparentTemperatureHigh": 58.11,
				"apparentTemperatureHighTime": 1550959200,
				"apparentTemperatureLow": 40.27,
				"apparentTemperatureLowTime": 1551016800,
				"dewPoint": 31.13,
				"humidity": 0.5,
				"pressure": 1023.6,
				"windSpeed": 1.88,
				"windGust": 9.04,
				"windGustTime": 1550926800,
				"windBearing": 145,
				"cloudCover": 0,
				"uvIndex": 6,
				"uvIndexTime": 1550948400,
				"visibility": 10,
				"ozone": 282.18,
				"temperatureMin": 41.55,
				"temperatureMinTime": 1550930400,
				"temperatureMax": 58.11,
				"temperatureMaxTime": 1550959200,
				"apparentTemperatureMin": 37.73,
				"apparentTemperatureMinTime": 1550930400,
				"apparentTemperatureMax": 58.11,
				"apparentTemperatureMaxTime": 1550959200
			},
			{
				"time": 1550995200,
				"summary": "Partly cloudy throughout the day.",
				"icon": "partly-cloudy-day",
				"sunriseTime": 1551018252,
				"sunsetTime": 1551058980,
				"moonPhase": 0.69,
				"precipIntensity": 0.0004,
				"precipIntensityMax": 0.0029,
				"precipIntensityMaxTime": 1551078000,
				"precipProbability": 0.06,
				"precipType": "rain",
				"temperatureHigh": 58.71,
				"temperatureHighTime": 1551045600,
				"temperatureLow": 46.1,
				"temperatureLowTime": 1551081600,
				"apparentTemperatureHigh": 58.71,
				"apparentTemperatureHighTime": 1551045600,
				"apparentTemperatureLow": 45.18,
				"apparentTemperatureLowTime": 1551081600,
				"dewPoint": 37.17,
				"humidity": 0.63,
				"pressure": 1019.82,
				"windSpeed": 1.01,
				"windGust": 7.28,
				"windGustTime": 1551049200,
				"windBearing": 190,
				"cloudCover": 0.41,
				"uvIndex": 6,
				"uvIndexTime": 1551038400,
				"visibility": 9.63,
				"ozone": 286.11,
				"temperatureMin": 42.57,
				"temperatureMinTime": 1551016800,
				"temperatureMax": 58.71,
				"temperatureMaxTime": 1551045600,
				"apparentTemperatureMin": 40.27,
				"apparentTemperatureMinTime": 1551016800,
				"apparentTemperatureMax": 58.71,
				"apparentTemperatureMaxTime": 1551045600
			},
			{
				"time": 1551081600,
				"summary": "Partly cloudy throughout the day.",
				"icon": "partly-cloudy-day",
				"sunriseTime": 1551104583,
				"sunsetTime": 1551145430,
				"moonPhase": 0.73,
				"precipIntensity": 0.0011,
				"precipIntensityMax": 0.0032,
				"precipIntensityMaxTime": 1551092400,
				"precipProbability": 0.17,
				"precipType": "rain",
				"temperatureHigh": 57.83,
				"temperatureHighTime": 1551135600,
				"temperatureLow": 43.87,
				"temperatureLowTime": 1551189600,
				"apparentTemperatureHigh": 57.83,
				"apparentTemperatureHighTime": 1551135600,
				"apparentTemperatureLow": 40.78,
				"apparentTemperatureLowTime": 1551189600,
				"dewPoint": 40.39,
				"humidity": 0.68,
				"pressure": 1017.82,
				"windSpeed": 3.72,
				"windGust": 11.37,
				"windGustTime": 1551128400,
				"windBearing": 196,
				"cloudCover": 0.69,
				"uvIndex": 4,
				"uvIndexTime": 1551117600,
				"visibility": 8.83,
				"ozone": 281.84,
				"temperatureMin": 46.1,
				"temperatureMinTime": 1551081600,
				"temperatureMax": 57.83,
				"temperatureMaxTime": 1551135600,
				"apparentTemperatureMin": 44.61,
				"apparentTemperatureMinTime": 1551164400,
				"apparentTemperatureMax": 57.83,
				"apparentTemperatureMaxTime": 1551135600
			}
		]
	}
}